-- phpMyAdmin SQL Dump
-- version 4.7.0
-- https://www.phpmyadmin.net/
--
-- Host: 127.0.0.1
-- Generation Time: Jul 13, 2019 at 05:29 PM
-- Server version: 10.1.26-MariaDB
-- PHP Version: 7.1.8

SET SQL_MODE = "NO_AUTO_VALUE_ON_ZERO";
SET AUTOCOMMIT = 0;
START TRANSACTION;
SET time_zone = "+00:00";


/*!40101 SET @OLD_CHARACTER_SET_CLIENT=@@CHARACTER_SET_CLIENT */;
/*!40101 SET @OLD_CHARACTER_SET_RESULTS=@@CHARACTER_SET_RESULTS */;
/*!40101 SET @OLD_COLLATION_CONNECTION=@@COLLATION_CONNECTION */;
/*!40101 SET NAMES utf8mb4 */;

--
-- Database: `arkademy_pekerjaan`
--

-- --------------------------------------------------------

--
-- Table structure for table `nama`
--

CREATE TABLE `nama` (
  `id` int(11) NOT NULL,
  `name` varchar(50) NOT NULL,
  `id_work` int(11) NOT NULL,
  `id_salary` int(11) NOT NULL
) ENGINE=InnoDB DEFAULT CHARSET=latin1;

--
-- Dumping data for table `nama`
--

INSERT INTO `nama` (`id`, `name`, `id_work`, `id_salary`) VALUES
(1, 'Ardi', 2, 1),
(6, 'Rebecca', 2, 2),
(11, 'Kiky', 1, 2),
(12, 'Danu', 2, 2);

-- --------------------------------------------------------

--
-- Table structure for table `salary`
--

CREATE TABLE `salary` (
  `id` int(11) NOT NULL,
  `name` varchar(255) NOT NULL
) ENGINE=InnoDB DEFAULT CHARSET=latin1;

--
-- Dumping data for table `salary`
--

INSERT INTO `salary` (`id`, `name`) VALUES
(1, '10.000.000'),
(2, '12.000.000');

-- --------------------------------------------------------

--
-- Table structure for table `work`
--

CREATE TABLE `work` (
  `id` int(11) NOT NULL,
  `name` varchar(50) NOT NULL,
  `id_salary` int(11) NOT NULL
) ENGINE=InnoDB DEFAULT CHARSET=latin1;

--
-- Dumping data for table `work`
--

INSERT INTO `work` (`id`, `name`, `id_salary`) VALUES
(1, 'Frontend Dev', 1),
(2, 'Backend Dev', 2);

--
-- Indexes for dumped tables
--

--
-- Indexes for table `nama`
--
ALTER TABLE `nama`
  ADD PRIMARY KEY (`id`),
  ADD KEY `id_work` (`id_work`),
  ADD KEY `id_salary` (`id_salary`);

--
-- Indexes for table `salary`
--
ALTER TABLE `salary`
  ADD PRIMARY KEY (`id`);

--
-- Indexes for table `work`
--
ALTER TABLE `work`
  ADD PRIMARY KEY (`id`),
  ADD KEY `id_salary` (`id_salary`);

--
-- AUTO_INCREMENT for dumped tables
--

--
-- AUTO_INCREMENT for table `nama`
--
ALTER TABLE `nama`
  MODIFY `id` int(11) NOT NULL AUTO_INCREMENT, AUTO_INCREMENT=14;
--
-- AUTO_INCREMENT for table `salary`
--
ALTER TABLE `salary`
  MODIFY `id` int(11) NOT NULL AUTO_INCREMENT, AUTO_INCREMENT=3;
--
-- AUTO_INCREMENT for table `work`
--
ALTER TABLE `work`
  MODIFY `id` int(11) NOT NULL AUTO_INCREMENT, AUTO_INCREMENT=3;
--
-- Constraints for dumped tables
--

--
-- Constraints for table `nama`
--
ALTER TABLE `nama`
  ADD CONSTRAINT `nama_ibfk_1` FOREIGN KEY (`id_work`) REFERENCES `work` (`id`) ON DELETE CASCADE ON UPDATE CASCADE,
  ADD CONSTRAINT `nama_ibfk_2` FOREIGN KEY (`id_salary`) REFERENCES `salary` (`id`) ON DELETE CASCADE ON UPDATE CASCADE;

--
-- Constraints for table `work`
--
ALTER TABLE `work`
  ADD CONSTRAINT `work_ibfk_1` FOREIGN KEY (`id_salary`) REFERENCES `salary` (`id`) ON DELETE CASCADE ON UPDATE CASCADE;
COMMIT;

/*!40101 SET CHARACTER_SET_CLIENT=@OLD_CHARACTER_SET_CLIENT */;
/*!40101 SET CHARACTER_SET_RESULTS=@OLD_CHARACTER_SET_RESULTS */;
/*!40101 SET COLLATION_CONNECTION=@OLD_COLLATION_CONNECTION */;
